date,cases,deaths,suspectedcases,hospitalized,UTI,totalUTIoccupation,publicUTIoccupation,privateUTIoccupation,vaccinedoses,firstdosepercent
19/03/2020,0,0,101,11,0,,,,,
20/03/2020,0,0,134,11,0,,,,,
21/03/2020,0,0,143,13,7,,,,,
22/03/2020,0,0,143,13,7,,,,,
23/03/2020,3,0,178,23,9,,,,,
24/03/2020,5,0,170,41,19,,,,,
25/03/2020,9,0,186,42,18,,,,,
26/03/2020,12,0,203,46,22,,,,,
27/03/2020,14,0,293,52,22,,,,,
28/03/2020,19,0,294,53,22,,,,,
29/03/2020,20,0,294,53,22,,,,,
30/03/2020,30,0,278,54,22,,,,,
31/03/2020,49,0,345,58,21,,,,,
01/04/2020,66,1,361,80,25,,,,,
02/04/2020,82,4,357,82,23,,,,,
03/04/2020,96,4,374,82,24,,,,,
04/04/2020,104,4,407,112,28,,,,,
05/04/2020,104,4,409,114,28,,,,,
06/04/2020,125,5,429,96,33,,,,,
07/04/2020,141,10,457,101,37,,,,,
08/04/2020,151,10,462,109,37,,,,,
09/04/2020,169,10,471,111,32,,,,,
10/04/2020,192,12,462,115,32,,,,,
11/04/2020,195,14,485,115,32,,,,,
12/04/2020,204,14,485,117,33,,,,,
13/04/2020,243,15,543,132,38,,,,,
14/04/2020,270,18,545,134,35,,,,,
15/04/2020,290,21,572,129,29,,,,,
16/04/2020,299,22,586,146,37,,,,,
17/04/2020,319,22,574,150,44,,,,,
18/04/2020,333,23,577,153,45,,,,,
19/04/2020,342,23,578,158,54,,,,,
20/04/2020,359,25,552,145,48,,,,,
21/04/2020,363,26,556,145,50,,,,,
22/04/2020,392,29,545,149,54,,,,,
23/04/2020,433,31,549,157,63,,,,,
24/04/2020,495,35,549,191,68,,,,,
25/04/2020,495,35,480,193,71,,,,,
26/04/2020,500,35,442,146,63,,,,,
27/04/2020,531,44,386,143,63,,,,,
28/04/2020,579,50,321,139,61,,,,,
29/04/2020,604,51,316,146,59,,,,,
30/04/2020,625,52,325,139,63,,,,,
01/05/2020,656,54,315,150,70,,,,,
02/05/2020,666,55,313,156,73,,,,,
03/05/2020,679,56,301,155,75,,,,,
04/05/2020,716,58,300,158,74,,,,,
05/05/2020,813,60,319,166,81,,,,,
06/05/2020,917,61,333,170,81,,,,,
07/05/2020,981,63,336,164,71,,,,,
08/05/2020,1120,68,347,160,69,,,,,
09/05/2020,1178,69,348,166,76,,,,,
10/05/2020,1217,69,348,170,76,,,,,
11/05/2020,1264,71,352,165,74,,,,,
12/05/2020,1300,72,355,186,72,,,,,
13/05/2020,1382,76,357,177,66,,,,,
14/05/2020,1443,80,381,181,70,,,,,
15/05/2020,1515,82,380,186,73,,,,,
16/05/2020,1559,85,376,178,67,,,,,
17/05/2020,1609,87,376,193,76,,,,,
18/05/2020,1773,93,392,195,76,,,,,
19/05/2020,1903,97,402,192,78,,,,,
20/05/2020,1966,99,398,202,74,,,,,
21/05/2020,2077,104,419,198,80,,,,,
22/05/2020,2260,104,418,195,80,,,,,
23/05/2020,2366,107,423,193,85,,,,,
24/05/2020,2700,107,393,196,84,,,,,
25/05/2020,2892,114,397,197,85,,,,,
26/05/2020,3044,120,393,203,86,,,,,
27/05/2020,3170,137,396,201,77,,,,,
28/05/2020,3260,140,416,200,74,,,,,
29/05/2020,3441,143,430,216,81,,,,,
30/05/2020,3518,149,437,217,76,,,,,
31/05/2020,3640,151,441,215,81,,,,,
01/06/2020,3826,158,457,208,87,,,,,
02/06/2020,4042,160,464,208,89,,,,,
03/06/2020,4252,164,461,209,90,,,,,
04/06/2020,4447,166,462,211,86,,,,,
05/06/2020,4618,175,447,217,89,,,,,
06/06/2020,4690,180,443,217,89,,,,,
07/06/2020,4693,184,439,233,95,,,,,
08/06/2020,4793,188,467,226,92,,,,,
09/06/2020,5021,193,492,235,94,,,,,
10/06/2020,5188,198,508,228,94,,,,,
11/06/2020,5535,206,505,238,104,,,,,
12/06/2020,5744,212,520,234,99,,,,,
13/06/2020,6040,222,538,242,92,,,,,
14/06/2020,6354,222,533,230,89,,,,,
15/06/2020,6493,229,539,220,98,,,,,
16/06/2020,6675,237,546,217,92,,,,,
17/06/2020,6904,250,522,212,84,,,,,
18/06/2020,7101,261,490,206,81,,,,,
19/06/2020,7283,281,471,210,82,,,,,
20/06/2020,7494,297,461,217,83,,,,,
21/06/2020,7709,297,452,218,89,,,,,
22/06/2020,7812,312,481,222,86,,,,,
23/06/2020,7951,323,478,216,88,,,,,
24/06/2020,8126,339,468,200,84,,,,,
25/06/2020,8282,343,450,198,85,,,,,
26/06/2020,8526,359,458,205,84,,,,,
27/06/2020,8637,359,466,201,78,,,,,
28/06/2020,8680,359,466,192,69,,,,,
29/06/2020,8908,367,454,188,70,,,,,
30/06/2020,9001,369,475,180,74,,,,,
01/07/2020,9132,374,457,180,73,,,,,
02/07/2020,9275,379,463,172,69,,,,,
03/07/2020,9486,380,467,182,72,,,,,
04/07/2020,9767,380,466,177,74,,,,,
05/07/2020,10125,380,465,175,73,,,,,
06/07/2020,10932,386,475,171,73,,,,,
07/07/2020,11003,387,669,183,75,,,,,
08/07/2020,11054,391,979,161,66,,,,,
09/07/2020,11154,391,903,164,66,,,,,
10/07/2020,11439,396,781,165,67,,,,,
11/07/2020,11519,398,781,159,63,,,,,
12/07/2020,11519,398,783,152,61,,,,,
13/07/2020,11670,408,689,154,66,,,,,
14/07/2020,11863,408,654,181,73,,,,,
15/07/2020,12104,408,659,165,70,,,,,
16/07/2020,12477,413,606,176,78,,,,,
17/07/2020,12683,425,568,183,74,,,,,
18/07/2020,12852,425,568,172,66,,,,,
19/07/2020,13094,425,567,175,63,,,,,
20/07/2020,13471,426,552,172,65,,,,,
21/07/2020,13633,429,563,169,65,,,,,
22/07/2020,13717,434,563,175,63,,,,,
23/07/2020,13840,437,603,171,70,,,,,
24/07/2020,14005,440,611,177,68,,,,,
25/07/2020,14200,447,594,175,65,,,,,
26/07/2020,14282,447,594,172,65,,,,,
27/07/2020,14370,450,602,169,70,,,,,
28/07/2020,14445,454,606,163,70,,,,,
29/07/2020,14553,460,598,153,64,,,,,
30/07/2020,14623,467,585,150,64,,,,,
31/07/2020,14776,471,587,149,63,,,,,
01/08/2020,14978,471,565,144,59,,,,,
02/08/2020,15102,471,562,141,57,,,,,
03/08/2020,15166,477,547,144,56,,,,,
04/08/2020,15267,485,562,135,53,,,,,
05/08/2020,15484,489,562,130,48,,,,,
06/08/2020,15719,491,569,119,49,,,,,
07/08/2020,15982,496,569,122,53,,,,,
08/08/2020,16294,496,567,120,52,,,,,
09/08/2020,16444,497,567,103,45,,,,,
10/08/2020,16524,498,585,110,45,,,,,
11/08/2020,16764,503,581,105,46,,,,,
12/08/2020,17158,517,567,99,41,,,,,
13/08/2020,17284,522,564,103,42,,,,,
14/08/2020,17378,526,559,104,44,,,,,
15/08/2020,17461,526,565,108,48,,,,,
16/08/2020,17472,526,563,110,46,,,,,
17/08/2020,17562,531,564,111,46,,,,,
18/08/2020,17662,533,575,128,50,,,,,
19/08/2020,17796,540,571,117,43,,,,,
20/08/2020,17929,541,571,111,43,,,,,
21/08/2020,18007,542,574,105,37,,,,,
22/08/2020,18010,542,557,108,40,,,,,
23/08/2020,18020,542,554,95,36,,,,,
24/08/2020,18104,546,545,94,36,,,,,
25/08/2020,18166,551,519,97,35,,,,,
26/08/2020,18266,553,476,94,39,,,,,
27/08/2020,18272,557,477,89,39,,,,,
28/08/2020,18350,560,481,97,39,,,,,
29/08/2020,18391,560,471,86,34,,,,,
30/08/2020,18414,560,471,105,42,,,,,
31/08/2020,18475,564,483,118,40,,,,,
01/09/2020,18517,568,487,120,45,,,,,
02/09/2020,18532,571,508,115,43,,,,,
03/09/2020,18613,572,476,113,44,,,,,
04/09/2020,18654,573,470,113,43,,,,,
05/09/2020,18682,575,470,110,46,,,,,
06/09/2020,18682,576,470,110,43,,,,,
07/09/2020,18683,577,469,99,41,,,,,
08/09/2020,18683,579,469,101,42,,,,,
09/09/2020,18772,584,476,114,48,,,,,
10/09/2020,18831,584,504,110,46,,,,,
11/09/2020,18870,586,516,114,51,,,,,
12/09/2020,18884,586,511,115,50,,,,,
13/09/2020,18884,586,511,114,44,,,,,
14/09/2020,18944,587,498,110,36,,,,,
15/09/2020,19024,590,490,104,41,,,,,
16/09/2020,19089,597,496,98,41,,,,,
17/09/2020,19182,609,496,97,40,,,,,
18/09/2020,19248,611,514,100,42,,,,,
19/09/2020,19295,611,524,102,41,,,,,
20/09/2020,19302,611,524,101,40,,,,,
21/09/2020,19302,611,524,100,41,,,,,
22/09/2020,19434,618,527,91,39,,,,,
23/09/2020,19505,619,518,91,32,,,,,
24/09/2020,19565,620,526,73,33,,,,,
25/09/2020,19582,621,526,76,39,,,,,
26/09/2020,19629,621,431,78,38,,,,,
27/09/2020,19629,621,431,84,39,,,,,
28/09/2020,19650,623,436,86,42,,,,,
29/09/2020,19734,629,426,85,44,,,,,
30/09/2020,19818,631,424,89,44,,,,,
01/10/2020,19854,636,313,84,40,30,22,41,,
02/10/2020,19901,636,276,85,38,29,23,37,,
03/10/2020,19962,636,277,91,39,29,25,34,,
04/10/2020,19978,636,277,89,39,29,25,34,,
05/10/2020,20006,637,256,88,39,29,25,34,,
06/10/2020,20065,639,251,95,40,31,25,38,,
07/10/2020,20202,641,257,100,42,30,23,40,,
08/10/2020,20381,641,253,97,40,29,24,36,,
09/10/2020,20577,645,252,101,39,28,24,34,,
10/10/2020,20577,645,252,98,41,29,24,37,,
11/10/2020,20577,645,252,102,42,28,21,38,,
12/10/2020,20584,645,252,95,37,27,18,40,,
13/10/2020,20826,649,268,94,33,26,16,39,,
14/10/2020,20921,654,295,95,36,29,21,40,,
15/10/2020,21015,659,271,98,33,30,24,38,,
16/10/2020,21095,662,278,96,33,30,23,41,,
17/10/2020,21139,662,278,92,35,28,23,37,,
18/10/2020,21139,662,278,93,32,27,20,38,,
19/10/2020,21485,663,277,93,37,28,21,38,,
20/10/2020,21631,668,304,97,40,28,22,39,,
21/10/2020,21711,670,302,105,41,31,23,43,,
22/10/2020,21829,672,308,108,45,34,25,46,,
23/10/2020,21965,674,318,107,45,33,26,43,,
24/10/2020,22042,674,318,104,45,34,25,44,,
25/10/2020,22042,674,318,109,45,34,27,42,,
26/10/2020,22137,674,317,109,47,35,27,44,,
27/10/2020,22279,675,313,112,49,33,26,42,,
28/10/2020,22465,676,335,121,53,35,27,44,,
29/10/2020,22628,679,326,119,46,32,26,41,,
30/10/2020,22719,681,326,123,46,33,27,40,,
31/10/2020,22722,682,325,123,47,31,25,38,,
01/11/2020,22725,683,325,127,49,32,23,44,,
02/11/2020,22782,684,323,132,53,35,21,51,,
03/11/2020,22878,689,327,140,52,34,21,51,,
04/11/2020,22984,690,353,129,53,36,23,53,,
05/11/2020,23075,694,338,122,54,35,21,52,,
06/11/2020,23234,697,335,129,56,34,20,50,,
07/11/2020,23319,697,334,137,59,39,24,57,,
08/11/2020,23337,697,334,133,55,37,26,51,,
09/11/2020,23452,698,334,142,67,44,35,57,,
10/11/2020,23552,703,358,148,70,43,33,55,,
11/11/2020,23694,711,354,161,68,44,33,56,,
12/11/2020,23808,718,360,159,69,44,35,54,,
13/11/2020,23951,721,366,155,79,48,34,64,,
14/11/2020,23983,721,349,149,69,46,34,61,,
15/11/2020,24032,721,349,150,70,47,34,62,,
16/11/2020,24100,725,353,156,67,46,35,58,,
17/11/2020,24157,740,371,155,68,47,32,64,,
18/11/2020,24308,741,394,176,78,50,35,67,,
19/11/2020,24422,742,393,181,80,51,34,69,,
20/11/2020,24576,742,384,178,80,51,37,66,,
21/11/2020,24650,742,380,196,93,59,42,78,,
22/11/2020,24735,742,376,195,88,57,42,74,,
23/11/2020,24881,755,384,189,81,56,39,74,,
24/11/2020,24971,761,417,197,86,56,42,71,,
25/11/2020,25224,765,413,204,85,56,43,70,,
26/11/2020,25484,772,420,204,85,56,39,73,,
27/11/2020,25623,775,431,201,83,55,42,70,,
28/11/2020,25677,776,438,210,84,55,44,67,,
29/11/2020,25677,776,438,196,77,54,42,66,,
30/11/2020,25742,782,435,191,76,52,36,70,,
01/12/2020,25889,791,430,184,83,52,39,67,,
02/12/2020,26042,796,434,194,87,55,42,70,,
03/12/2020,26190,800,493,192,85,53,45,68,,
04/12/2020,26302,806,542,182,79,53,42,66,,
05/12/2020,26351,806,546,187,77,56,43,69,,
06/12/2020,26403,806,545,173,79,53,40,67,,
07/12/2020,26539,814,552,161,68,51,38,65,,
08/12/2020,26643,820,543,173,76,54,39,70,,
09/12/2020,26804,825,555,191,76,54,41,69,,
10/12/2020,26929,828,565,175,81,57,42,74,,
11/12/2020,27185,831,566,180,87,63,46,80,,
12/12/2020,27650,833,545,182,83,57,41,75,,
13/12/2020,27962,834,537,173,83,56,43,72,,
14/12/2020,28280,842,533,166,76,54,43,65,,
15/12/2020,28409,850,548,159,73,50,40,61,,
16/12/2020,28494,856,555,152,76,50,41,61,,
17/12/2020,28594,857,559,154,77,53,41,66,,
18/12/2020,28693,861,577,155,73,52,39,67,,
19/12/2020,28841,862,572,148,67,48,36,63,,
20/12/2020,29029,862,567,143,71,47,33,65,,
21/12/2020,29161,867,584,149,74,49,37,65,,
22/12/2020,29233,868,622,153,72,48,37,62,,
23/12/2020,29289,873,628,153,79,48,36,63,,
24/12/2020,29357,873,626,147,72,49,41,59,,
25/12/2020,29392,873,623,138,68,45,37,55,,
26/12/2020,29440,873,621,135,68,44,33,57,,
27/12/2020,29465,873,621,143,79,44,32,58,,
28/12/2020,29544,878,640,144,68,41,30,55,,
29/12/2020,29674,888,649,150,68,40,31,51,,
30/12/2020,29770,909,640,147,63,40,31,51,,
31/12/2020,29823,909,639,149,66,40,31,51,,
01/01/2021,29861,909,638,136,68,40,31,52,,
02/01/2021,29997,909,637,140,66,41,30,55,,
03/01/2021,30113,909,636,131,65,42,31,56,,
04/01/2021,30222,912,643,118,62,41,30,54,,
05/01/2021,30270,915,663,120,60,40,31,52,,
06/01/2021,30348,925,666,121,59,39,31,49,,
07/01/2021,30442,930,667,119,57,38,33,44,,
08/01/2021,30511,934,653,124,59,40,31,52,,
09/01/2021,30621,934,649,123,63,40,31,52,,
10/01/2021,30856,934,647,122,65,40,30,54,,
11/01/2021,30964,944,638,135,71,41,30,55,,
12/01/2021,31117,945,647,131,70,39,28,51,,
13/01/2021,31296,956,677,142,77,41,29,57,,
14/01/2021,31451,959,699,141,79,39,30,52,,
15/01/2021,31650,966,675,146,83,43,34,54,,
16/01/2021,31891,966,669,140,81,44,34,57,,
17/01/2021,32171,966,667,134,78,44,35,56,,
18/01/2021,32339,971,684,143,76,47,38,58,,
19/01/2021,32535,978,684,139,74,48,38,61,,
20/01/2021,32712,985,704,131,73,47,36,63,,
21/01/2021,32978,1010,702,120,70,45,37,58,,
22/01/2021,33101,1012,693,129,72,44,36,56,,
23/01/2021,33290,1014,692,124,69,43,33,57,,
24/01/2021,33338,1014,692,128,76,44,36,56,,
25/01/2021,33449,1014,689,115,75,49,38,64,,
26/01/2021,33728,1014,687,109,72,45,37,59,,
27/01/2021,33857,1020,699,121,73,46,36,61,,
28/01/2021,34016,1024,705,113,66,43,35,56,,
29/01/2021,34102,1026,699,119,65,44,34,61,,
30/01/2021,34171,1027,694,112,64,43,34,57,,
31/01/2021,34290,1027,694,109,63,43,34,57,,
01/02/2021,34348,1029,702,121,67,44,34,60,,
02/02/2021,34424,1031,720,122,73,47,37,64,,
03/02/2021,34545,1037,725,126,67,43,34,56,,
04/02/2021,34626,1043,751,119,71,46,35,64,,
05/02/2021,34695,1045,737,120,66,45,35,62,,
06/02/2021,34787,1045,732,119,64,48,37,64,,
07/02/2021,34990,1045,726,114,58,45,35,61,,
08/02/2021,35073,1051,734,110,54,44,36,57,,
09/02/2021,35155,1056,738,101,52,43,33,59,,
10/02/2021,35265,1060,737,100,55,42,31,59,,
11/02/2021,35356,1063,730,102,54,43,32,61,,
12/02/2021,35420,1064,728,106,57,47,35,64,,
13/02/2021,35474,1065,739,92,47,41,34,53,,
14/02/2021,35499,1065,742,93,46,39,31,50,,
15/02/2021,35515,1069,747,106,61,40,31,54,,
16/02/2021,35652,1071,742,110,56,40,32,52,31000,
17/02/2021,35860,1072,763,95,58,41,31,55,34802,
18/02/2021,35949,1074,769,95,57,39,29,55,35356,
19/02/2021,36021,1074,773,99,62,41,32,55,36080,
20/02/2021,36088,1074,769,96,58,42,32,57,37194,
21/02/2021,36090,1074,769,102,56,46,36,63,37729,
22/02/2021,36140,1078,773,111,59,47,36,62,38375,
23/02/2021,36186,1081,780,117,57,47,31,72,38835,
24/02/2021,36264,1088,784,113,50,44,31,65,38977,
25/02/2021,36296,1092,800,126,56,48,33,70,39062,
26/02/2021,36366,1097,792,125,62,52,38,73,39141,
27/02/2021,36416,1099,794,107,55,44,37,55,43065,
28/02/2021,36456,1099,793,129,61,48,33,71,45176,
01/03/2021,36492,1100,797,140,65,51,37,73,46135,
02/03/2021,36535,1102,841,132,62,52,39,72,51630,
03/03/2021,36580,1110,842,143,66,61,50,76,55889,
04/03/2021,36640,1113,845,141,66,60,51,74,57567,
05/03/2021,36698,1115,835,144,65,63,51,80,61649,
06/03/2021,36803,1115,826,132,57,57,49,69,63377,
07/03/2021,36837,1115,826,136,70,61,50,76,63542,
08/03/2021,36915,1120,838,149,66,61,51,75,64666,
09/03/2021,36964,1122,859,155,63,62,52,77,66162,
10/03/2021,36989,1131,866,160,72,65,57,78,67415,
11/03/2021,37026,1138,904,165,76,68,58,82,67415,
12/03/2021,37086,1140,909,174,83,69,61,80,72228,
13/03/2021,37111,1140,913,183,99,76,63,90,72517,
14/03/2021,37161,1140,913,195,108,76,65,91,72556,
15/03/2021,37198,1142,922,202,96,72,61,87,74829,12.1
16/03/2021,37250,1147,920,222,112,69,56,89,77242,12.5
17/03/2021,37288,1151,918,226,119,74,64,87,78909,12.9
18/03/2021,37369,1157,917,231,117,75,65,88,79549,13
19/03/2021,37450,1164,939,238,132,77,64,92,81984,13.8
20/03/2021,37567,1165,934,253,127,79,67,93,84054,14.1
21/03/2021,37608,1165,934,271,133,81,69,97,84789,14.2
22/03/2021,37728,1173,961,281,131,81,71,93,86736,14.7
23/03/2021,37793,1181,991,294,140,82,76,89,88850,15.1
24/03/2021,37809,1185,988,303,144,86,80,94,90714,15.5
25/03/2021,37847,1198,1001,327,160,90,83,97,93409,15.5
26/03/2021,37950,1200,999,314,163,92,88,95,98065,16.9
27/03/2021,38033,1206,996,326,173,92,90,93,98096,16.9
28/03/2021,38066,1207,994,321,179,92,92,92,98096,16.9
29/03/2021,38164,1215,1010,321,175,89,86,92,102929,17.7
30/03/2021,38237,1223,1032,334,178,89,89,91,105433,18.1
31/03/2021,38301,1233,1087,332,180,87,88,85,107357,18.3
01/04/2021,38339,1237,1137,325,184,91,88,93,109978,18.6
02/04/2021,38635,1244,1125,330,185,90,87,90,110934,18.8
03/04/2021,39022,1248,1094,323,186,89,85,93,111467,18.9
04/04/2021,39158,1248,1093,321,182,88,84,92,111621,18.9
05/04/2021,39258,1256,1104,325,185,90,86,94,113440,19.2
06/04/2021,39391,1271,1144,319,186,90,86,94,115169,19.4
07/04/2021,39514,1278,1178,318,188,90,85,94,117623,19.6
08/04/2021,39734,1300,1191,305,190,89,85,93,119439,19.7
09/04/2021,39856,1327,1168,306,188,89,86,93,121654,19.9
10/04/2021,40063,1329,1173,271,176,85,79,93,124016,20
11/04/2021,40244,1331,1167,263,176,85,80,91,124088,20
12/04/2021,40431,1354,1184,275,168,85,84,86,126573,20.2
13/04/2021,40643,1363,1174,264,160,82,81,82,129445,20.5
14/04/2021,40754,1363,1173,267,164,81,76,86,133158,20.8
15/04/2021,41128,1369,1182,271,169,80,75,86,138615,21.3
16/04/2021,41277,1377,1203,258,156,76,67,86,143400,21.5
17/04/2021,41331,1377,1202,275,163,76,68,86,144995,21.6
18/04/2021,41415,1384,1203,251,151,76,66,87,145254,21.6
19/04/2021,41515,1404,1225,261,149,73,62,87,148169,22
20/04/2021,41628,1408,1230,259,147,74,62,88,152443,22.6
21/04/2021,41659,1410,1224,248,140,72,62,85,153810,22.8
22/04/2021,41817,1415,1226,235,129,72,61,85,157788,23.1
23/04/2021,41942,1420,1222,234,128,73,61,87,161518,23.6
24/04/2021,42069,1426,1216,222,122,70,57,86,163710,23.9
25/04/2021,42128,1430,1210,213,123,70,56,87,163937,23.9
26/04/2021,42295,1441,1220,217,124,69,54,86,166208,24.2
27/04/2021,42467,1446,1209,211,118,68,53,86,168712,24.5
28/04/2021,42573,1460,1209,199,111,62,48,78,168712,24.5
29/04/2021,42650,1466,1225,203,117,66,51,82,175272,25.2
30/04/2021,42716,1469,1231,209,111,65,50,82,177957,25.4
01/05/2021,42793,1472,1228,229,137,66,50,83,178267,25.5
02/05/2021,42845,1475,1226,218,116,65,50,81,179015,25.6
03/05/2021,42863,1484,1209,215,107,62,48,79,180322,25.7
04/05/2021,42896,1495,1220,207,103,62,48,77,180985,25.7
05/05/2021,42940,1497,1225,222,116,68,56,81,184108,26.2
06/05/2021,42972,1504,1222,233,118,70,57,83,188287,27
07/05/2021,43018,1521,1215,216,109,68,57,82,193327,27.8
08/05/2021,43056,1524,1212,203,114,69,56,83,194387,28
09/05/2021,43139,1526,1209,223,138,72,57,87,194387,28
10/05/2021,43176,1535,1233,219,122,68,55,84,196017,28.2
11/05/2021,43244,1540,1207,226,124,68,55,83,198007,28.5
12/05/2021,43361,1547,1230,219,123,67,55,81,199654,28.8
13/05/2021,43496,1573,1234,217,115,66,54,81,202026,29.3
14/05/2021,43567,1577,1250,210,108,66,50,85,203961,29.8
15/05/2021,43589,1577,1254,219,116,68,52,87,206379,30.3
16/05/2021,43788,1577,1253,231,117,65,48,88,206379,30.3
17/05/2021,43846,1583,1265,234,122,68,51,88,207805,30.6
18/05/2021,43937,1589,1261,240,128,73,59,90,207981,30.6
19/05/2021,44038,1601,1264,237,126,75,62,91,210385,31
20/05/2021,44165,1607,1283,232,120,72,61,85,215324,31.9
21/05/2021,44262,1613,1291,247,123,71,62,82,218028,32.3
22/05/2021,44320,1614,1309,249,136,74,61,90,219431,32.5
23/05/2021,44395,1616,1315,250,136,75,62,91,221032,32.6
24/05/2021,44553,1622,1319,247,133,75,65,87,224199,32.9
25/05/2021,44629,1629,1307,254,132,75,61,92,227171,33.2
26/05/2021,44717,1637,1317,260,137,76,64,90,229500,33.5
27/05/2021,44795,1646,1297,273,140,74,65,84,233415,34
28/05/2021,44857,1650,1292,276,146,77,68,87,235689,34.3
29/05/2021,44906,1652,1291,289,148,77,66,90,238293,34.7
30/05/2021,44940,1656,1296,276,142,75,65,87,238593,34.8
31/05/2021,45027,1663,1317,281,157,78,66,91,241365,35.2
01/06/2021,45077,1669,1387,259,145,75,63,87,242675,35.4
02/06/2021,45248,1673,1375,257,143,76,66,88,245482,35.9
03/06/2021,45287,1673,1373,254,149,78,67,91,246609,36.1
04/06/2021,45361,1678,1370,256,156,78,67,91,249389,36.6
05/06/2021,45397,1682,1369,250,143,76,66,88,250582,36.8
06/06/2021,45438,1682,1382,256,140,74,64,85,251767,37.1
07/06/2021,45501,1689,1379,257,139,73,62,85,252503,37.2
08/06/2021,45567,1700,1373,257,136,75,66,85,254754,37.7
09/06/2021,45619,1708,1411,240,125,71,63,80,257049,38.2
10/06/2021,45689,1719,1461,230,120,72,65,80,259819,38.8
11/06/2021,45761,1723,1455,235,123,72,63,81,262066,39.2
12/06/2021,45844,1723,1450,227,116,69,61,78,263491,39.6
13/06/2021,45884,1723,1448,232,118,71,62,81,264924,40.0
14/06/2021,45946,1725,1483,226,116,68,61,76,265891,40.2
15/06/2021,46027,1754,1486,221,113,66,60,73,267361,40.5
16/06/2021,46081,1764,1491,224,114,69,61,77,269998,41.1
17/06/2021,46159,1769,1491,215,101,65,56,75,274283,42.0
18/06/2021,46238,1776,1495,215,104,63,54,74,276752,42.6
19/06/2021,46268,1776,1495,201,103,63,57,71,277702,42.8
20/06/2021,46305,1776,1495,194,99,63,56,71,277702,42.8
21/06/2021,46438,1793,1479,200,110,63,53,76,277702,42.8
22/06/2021,46523,1797,1477,191,108,63,55,73,297722,47.3
23/06/2021,46662,1807,1491,183,104,61,56,69,301644,48.2
24/06/2021,46703,1810,1483,178,96,59,51,68,306058,49.2
25/06/2021,46764,1815,1476,169,85,57,49,66,309378,50.0
26/06/2021,46849,1815,1494,169,80,53,47,61,310221,50.1
27/06/2021,46941,1815,1493,157,89,59,47,74,321986,52.7
28/06/2021,46992,1819,1494,153,88,58,49,71,322413,52.9
29/06/2021,47080,1823,1502,145,83,55,48,64,328301,54.2
30/06/2021,47124,1830,1502,138,81,55,51,60,332253,55.0
01/07/2021,47156,1839,1504,130,78,54,51,59,335161,55.6
02/07/2021,47205,1841,1519,135,85,56,50,64,338628,56.3
03/07/2021,47252,1841,1519,124,79,53,47,62,341217,56.7
04/07/2021,47300,1841,1517,118,74,52,44,63,342044,56.9
05/07/2021,47400,1856,1504,126,76,51,44,59,345121,57.5
06/07/2021,47489,1868,1528,122,77,50,45,57,347201,57.8
07/07/2021,47550,1882,1536,124,73,48,41,57,348317,57.9
08/07/2021,47680,1884,1522,119,69,47,42,56,352563,58.4
09/07/2021,47708,1884,1514,114,67,49,43,57,357134,58.9
10/07/2021,47782,1884,1518,115,65,46,43,49,357758,59.0
11/07/2021,47858,1884,1512,125,71,47,44,53,358172,59.0
12/07/2021,47916,1893,1515,121,67,44,39,51,360290,59.3
13/07/2021,48014,1903,1502,142,75,50,43,62,364039,59.7
14/07/2021,48071,1918,1497,138,79,46,46,48,367205,60.0
15/07/2021,48130,1923,1498,126,76,44,40,52,371742,60.5
16/07/2021,48247,1927,1500,132,77,46,41,54,373886,60.8
17/07/2021,48313,1927,1500,126,82,48,43,55,376011,61.2
18/07/2021,48338,1927,1500,119,75,46,38,57,376011,61.2
19/07/2021,48387,1935,1511,125,74,45,39,56,376011,61.2
20/07/2021,48459,1939,1513,114,69,47,43,52,391024,64.0
21/07/2021,48565,1949,1541,114,66,42,37,49,396122,64.6
22/07/2021,48649,1958,1529,108,63,40,38,43,401277,64.9
23/07/2021,48715,1961,1538,109,60,38,35,43,404554,65.3
24/07/2021,48767,1961,1538,99,58,36,35,39,406357,65.4
25/07/2021,48796,1961,1538,98,53,34,35,33,406651,65.5
26/07/2021,48880,1965,1534,89,56,39,35,45,409224,65.6
27/07/2021,48956,1968,1549,85,54,34,34,34,413542,65.8
28/07/2021,49023,1972,1558,95,61,35,36,34,417578,66.1
29/07/2021,49048,1973,1525,81,51,34,33,36,421798,66.4
30/07/2021,49170,1973,1515,81,51,34,33,36,427351,66.9
31/07/2021,49234,1973,1516,92,48,31,35,25,429407,67.2
01/08/2021,49311,1973,1516,90,52,35,39,30,430095,67.3
02/08/2021,49353,1978,1512,88,52,36,38,32,432712,67.7
03/08/2021,49439,1980,1484,91,52,33,35,31,437643,68.4
04/08/2021,49513,1984,1459,92,54,33,34,32,440801,68.8
05/08/2021,49561,1985,1459,92,54,32,33,31,446104,69.4
06/08/2021,49614,1992,1458,95,58,33,34,32,451837,69.9
07/08/2021,49659,1992,1456,94,53,30,32,27,454333,70.1
08/08/2021,49731,1992,1456,99,52,30,34,23,454998,70.2
09/08/2021,49773,2000,1430,99,53,31,34,27,458049,70.5
10/08/2021,49854,2007,1437,98,59,34,37,29,461864,71.2
11/08/2021,49941,2009,1455,100,56,34,34,33,470295,72.5
12/08/2021,49965,2016,1452,87,54,34,37,30,471107,72.6
13/08/2021,50027,2023,1444,92,56,35,35,34,483679,74.4
14/08/2021,50100,2023,1457,89,52,32,30,35,488429,74.9
15/08/2021,50108,2023,1457,87,54,32,31,33,491312,75.1
16/08/2021,50128,2025,1458,83,55,33,32,34,495088,75.5
17/08/2021,50181,2032,1465,85,51,31,31,32,500930,76.0
18/08/2021,50219,2040,1457,85,48,32,33,29,504170,76.3
19/08/2021,50289,2044,1453,81,46,28,29,26,509692,76.7
20/08/2021,50325,2048,1447,78,46,30,30,29,513769,77.1
21/08/2021,50364,2048,1453,76,45,30,30,30,516409,77.3
22/08/2021,50399,2048,1453,74,43,27,26,30,517398,77.4
23/08/2021,50459,2051,1460,66,37,26,25,27,519852,77.6
24/08/2021,50461,2057,1455,67,38,27,25,29,523591,77.9
25/08/2021,50522,2060,1458,54,31,26,28,22,527986,78.1
26/08/2021,50570,2063,1458,67,38,27,25,31,533519,78.3
27/08/2021,50657,2066,1456,71,41,29,27,32,538989,78.5
28/08/2021,50736,2066,1457,69,43,29,27,32,541215,78.6
29/08/2021,50756,2066,1457,66,41,26,26,27,541589,78.6
30/08/2021,50797,2066,1461,59,40,29,25,35,543845,78.9
31/08/2021,50865,2067,1458,58,35,26,24,29,546779,79.0
01/09/2021,50904,2068,1459,56,31,25,22,22,552639,79.5
02/09/2021,50949,2069,1459,55,31,25,27,23,555680,79.8
03/09/2021,51014,2070,1461,59,36,24,24,24,561715,80.2
04/09/2021,51046,2070,1461,70,39,26,27,25,565504,80.4
05/09/2021,51066,2070,1460,62,32,22,23,21,566325,80.5
06/09/2021,51116,2071,1461,69,33,23,22,24,570197,80.8
07/09/2021,51178,2072,1463,68,34,24,24,23,575251,81.1
08/09/2021,51181,2073,1465,66,33,24,25,24,579479,81.2
09/09/2021,51188,2073,1475,55,28,24,25,22,583815,81.4
10/09/2021,51218,2078,1484,64,30,25,26,24,588323,81.5
11/09/2021,51254,2078,1485,64,35,26,26,25,589453,81.5
12/09/2021,51299,2078,1484,64,36,26,26,26,589453,81.5
13/09/2021,51345,2083,1485,62,33,25,25,25,601095,82.1
14/09/2021,51410,2086,1480,60,36,26,25,28,607008,82.4
15/09/2021,51539,2091,1482,55,31,24,27,20,610627,82.6
16/09/2021,51592,2093,1485,58,39,28,29,28,616280,82.9
17/09/2021,51650,2095,1484,65,39,29,29,28,621718,83.2
18/09/2021,51678,2095,1484,62,37,26,26,27,626837,83.6
19/09/2021,51707,2095,1484,69,35,26,25,28,627652,83.7
20/09/2021,51779,2102,1485,58,30,24,23,26,630440,83.8
21/09/2021,51818,2108,1481,61,29,22,21,24,633861,84.0
22/09/2021,51898,2112,1486,53,28,21,20,21,636962,84.2
23/09/2021,51931,2114,1490,53,28,19,20,19,641432,84.4
24/09/2021,52000,2116,1484,54,31,22,22,23,645527,84.5
25/09/2021,52079,2116,1484,49,24,22,24,19,647887,84.6
26/09/2021,52108,2116,1484,51,25,22,25,18,648363,84.6
27/09/2021,52167,2117,1484,47,26,23,26,20,650878,84.7
28/09/2021,52200,2119,1481,47,26,22,24,20,654033,84.8
29/09/2021,52249,2120,1484,46,23,19,22,15,657642,84.8
30/09/2021,52352,2122,1478,46,20,19,24,14,661219,84.9
01/10/2021,52425,2125,1466,49,24,20,22,18,664060,85.1
02/10/2021,52521,2125,1466,45,24,20,22,17,666969,85.2
03/10/2021,52530,2125,1466,43,21,18,21,16,667608,85.3
04/10/2021,52590,2127,1465,39,20,18,22,14,668881,85.3
05/10/2021,52658,2127,1464,37,18,21,24,17,670791,85.4
06/10/2021,52718,2128,1456,33,19,20,24,15,674603,85.5
07/10/2021,52768,2128,1460,32,18,18,21,15,678396,85.5
08/10/2021,52815,2128,1455,34,20,19,22,16,682136,85.6
09/10/2021,52891,2128,1455,32,17,20,28,10,685321,85.7
10/10/2021,52948,2128,1455,33,16,19,25,12,685840,85.7
11/10/2021,53009,2128,1454,35,18,20,25,15,686057,85.7
12/10/2021,53043,2128,1454,34,19,19,24,14,686285,85.7
13/10/2021,53097,2129,1462,32,20,20,21,20,688290,85.7
14/10/2021,53153,2131,1457,33,21,18,20,17,691492,85.7
15/10/2021,53205,2132,1456,36,22,17,19,16,694003,85.8
16/10/2021,53271,2132,1456,37,22,19,19,20,695363,85.8
17/10/2021,53327,2132,1456,40,20,19,18,20,695898,85.8
18/10/2021,53386,2132,1456,40,20,19,18,20,698157,85.8
19/10/2021,53431,2132,1453,41,20,19,17,21,701390,85.9
20/10/2021,53504,2132,1452,38,21,19,17,22,704402,85.9
21/10/2021,53537,2135,1435,45,29,21,28,25,708238,86.0
22/10/2021,53612,2136,1450,39,24,19,19,19,711628,86.0
23/10/2021,53647,2136,1450,40,20,15,14,17,714617,86.0
24/10/2021,53704,2136,1450,39,19,16,13,19,714991,86.0
25/10/2021,53770,2137,1453,42,21,21,20,22,717820,86.1
26/10/2021,53805,2138,1451,37,22,22,23,21,722240,86.1
27/10/2021,53849,2140,1449,39,29,26,26,26,724309,86.1
28/10/2021,53893,2141,1444,41,25,24,23,26,727311,86.1
29/10/2021,53996,2142,1422,39,21,20,19,22,731149,86.2
30/10/2021,54079,2142,1417,34,21,20,18,23,736941,86.2
31/10/2021,54103,2142,1417,29,20,19,18,21,739065,86.2
01/11/2021,54138,2142,1417,38,23,24,27,23,739363,86.2
02/11/2021,54171,2142,1417,36,21,23,24,22,739754,86.2
03/11/2021,54220,2142,1417,37,20,23,26,21,741770,86.3
04/11/2021,54269,2143,1378,38,22,36,34,38,744510,86.3
05/11/2021,54350,2146,1362,32,18,32,34,30,748243,86.4
06/11/2021,54419,2146,1362,28,17,31,31,30,755582,86.4
07/11/2021,54458,2146,1362,31,17,32,34,30,756824,86.4
08/11/2021,54520,2148,1355,31,17,31,34,28,759070,86.4
09/11/2021,54609,2151,1353,25,14,30,31,29,762269,86.5
10/11/2021,54643,2154,1350,24,13,27,27,26,765437,86.5
11/11/2021,54711,2157,1347,24,15,27,26,28,768478,86.5
12/11/2021,54752,2158,1347,25,14,27,26,28,,
13/11/2021,54837,2158,1347,28,12,27,26,29,,
14/11/2021,54862,2158,1347,31,17,31,26,37,,
15/11/2021,54904,2158,1347,30,18,32,27,37,,
16/11/2021,54972,2161,1352,35,17,31,32,30,,
17/11/2021,55040,2162,1353,34,15,29,32,26,,
18/11/2021,55096,2162,1352,35,15,27,29,24,,
19/11/2021,55171,2162,1352,39,15,25,26,25,,
20/11/2021,55263,2162,1352,35,14,24,24,25,,
21/11/2021,55269,2162,1352,31,14,20,19,22,,
22/11/2021,55306,2163,1351,36,18,29,24,29,,
23/11/2021,55358,2164,1350,38,19,30,26,36,,
24/11/2021,55431,2166,1349,34,19,28,22,37,,
25/11/2021,55485,2166,1348,32,20,30,24,39,,
26/11/2021,55536,2166,1348,32,16,26,21,32,,
27/11/2021,55567,2166,1349,30,14,27,22,34,,
28/11/2021,55601,2166,1349,33,16,30,25,38,,
29/11/2021,55686,2168,1352,29,18,32,25,42,,
30/11/2021,55776,2169,1354,33,16,34,21,50,,
01/12/2021,55799,2169,1356,30,16,32,23,40,,
02/12/2021,55824,2169,1356,32,16,34,23,45,,
03/12/2021,55855,2172,1356,34,15,32,21,42,,
04/12/2021,55887,2173,1354,32,13,29,23,35,,
05/12/2021,55917,2173,1350,30,14,33,27,38,,
06/12/2021,55946,2175,1353,34,18,34,33,36,,
07/12/2021,55977,2175,1356,27,15,31,29,34,,
08/12/2021,55996,2176,1356,24,15,27,29,34,,
09/12/2021,56015,2179,1356,22,14,26,25,28,,
10/12/2021,56070,2180,1359,21,13,26,27,25,,
11/12/2021,56159,2180,1357,19,11,23,23,22,,
12/12/2021,56171,2180,1357,23,10,23,21,25,,
13/12/2021,56176,2180,26,29,14,28,25,31,,
14/12/2021,56214,2180,25,32,17,27,25,30,,
15/12/2021,56227,2181,25,35,17,28,31,28,,
16/12/2021,56245,2181,26,31,16,25,27,23,,
17/12/2021,56254,2181,26,33,16,27,29,25,,
18/12/2021,56256,2181,26,41,17,31,36,27,,
19/12/2021,56256,2181,26,39,17,30,36,25,,
20/12/2021,56281,2181,31,33,15,30,36,25,,
21/12/2021,56315,2181,31,31,15,27,33,21,,
22/12/2021,56355,2183,47,31,14,27,33,22,,
23/12/2021,56361,2183,56,21,11,25,31,20,,
24/12/2021,56369,2183,49,33,14,29,33,26,,
25/12/2021,56376,2183,42,28,14,30,48,17,,
26/12/2021,56382,2183,42,36,17,36,40,32,,
27/12/2021,56412,2183,43,36,21,38,45,33,,
28/12/2021,56446,2190,43,39,24,44,52,39,,
29/12/2021,56484,2244,48,42,25,44,57,34,,
30/12/2021,56501,2253,48,38,21,36,38,35,,
31/12/2021,56502,2253,49,42,24,34,36,33,,
01/01/2022,56502,2253,49,43,29,38,43,33,,
02/01/2022,56502,2253,49,43,22,36,45,29,,
03/01/2022,56520,2260,52,44,18,39,45,34,,
04/01/2022,56541,2278,58,47,19,42,50,36,,
05/01/2022,56563,2281,57,43,20,44,57,34,,